Metric,Value
Accuracy,0.99982235907153
Precision,1.0
Recall,0.9993448351168377
ROC AUC,1.0
